<?xml version="1.0" encoding="UTF-8"?>
<project-private xmlns="http://www.netbeans.org/ns/project-private/1">
    <editor-bookmarks xmlns="http://www.netbeans.org/ns/editor-bookmarks/1"/>
    <open-files xmlns="http://www.netbeans.org/ns/projectui-open-files/1">
        <file>file:/C:/Users/Ancmin/Documents/NetbeansProjects/satoulouse/src/satoulouse/SchemeFormulaTextField.java</file>
        <file>file:/C:/Users/Ancmin/Documents/NetbeansProjects/satoulouse/src/satoulouse/SchemeWithKawa.java</file>
        <file>file:/C:/Users/Ancmin/Documents/NetbeansProjects/satoulouse/src/satoulouse/FormulaForSAT4J.java</file>
        <file>file:/C:/Users/Ancmin/Documents/NetbeansProjects/satoulouse/src/satoulouse/SATSolverSAT4J.java</file>
        <file>file:/C:/Users/Ancmin/Documents/NetbeansProjects/satoulouse/src/satoulouse/SatoulouseApp.java</file>
        <file>file:/C:/Users/Ancmin/Documents/NetbeansProjects/satoulouse/src/satoulouse/Chronometre.java</file>
    </open-files>
</project-private>
